DROP SCHEMA IF EXISTS stepik;
CREATE SCHEMA stepik;
USE stepik;

DROP TABLE IF EXISTS users;
CREATE TABLE users (
    id INT PRIMARY KEY AUTO_INCREMENT,
    full_name VARCHAR(50) NOT NULL,
    details VARCHAR(50),
    join_date DATE NOT NULL,
    avatar TEXT,
    is_active BOOLEAN NOT NULL,
    knowledge INT NOT NULL DEFAULT 0,
    reputation INT NOT NULL DEFAULT 0,
    followers_count INT NOT NULL DEFAULT 0,
    days_without_break INT NOT NULL DEFAULT 0,
    days_without_break_max INT NOT NULL DEFAULT 0,
    solved_tasks INT NOT NULL DEFAULT 0
);

DROP TABLE IF EXISTS courses;
CREATE TABLE courses (
    id INT PRIMARY KEY AUTO_INCREMENT,
    title VARCHAR(50) NOT NULL,
    created_date DATE NOT NULL,
    summary TEXT,
    photo TEXT,
    price DECIMAL NOT NULL
);

DROP TABLE IF EXISTS user_courses;
CREATE TABLE user_courses (
    user_id INT,
    course_id INT,
    is_favorite BOOLEAN NOT NULL,
    is_pinned BOOLEAN NOT NULL,
    is_archived BOOLEAN NOT NULL,
    last_viewed DATE NOT NULL,
    PRIMARY KEY (user_id , course_id),
    FOREIGN KEY (user_id)
        REFERENCES users (id),
    FOREIGN KEY (course_id)
        REFERENCES courses (id)
);

DROP TABLE IF EXISTS courses_authors;
CREATE TABLE courses_authors (
    course_id INT,
    user_id INT,
    PRIMARY KEY (course_id , user_id),
    FOREIGN KEY (course_id)
        REFERENCES courses (id),
    FOREIGN KEY (user_id)
        REFERENCES users (id)
);

DROP TABLE IF EXISTS certificates;
CREATE TABLE certificates (
    user_id INT,
    course_id INT,
    grade INT NOT NULL,
    issue_date DATE NOT NULL,
    url TEXT NOT NULL,
    PRIMARY KEY (user_id , course_id),
    FOREIGN KEY (user_id)
        REFERENCES users (id),
    FOREIGN KEY (course_id)
        REFERENCES courses (id)
);

DROP TABLE IF EXISTS social_providers;
CREATE TABLE social_providers (
    id INT PRIMARY KEY AUTO_INCREMENT,
    name TEXT NOT NULL,
    logo_url TEXT NOT NULL
);

DROP TABLE IF EXISTS user_social_providers;
CREATE TABLE user_social_providers (
    user_id INT,
    social_provider_id INT,
    connect_url TEXT NOT NULL,
    PRIMARY KEY (user_id , social_provider_id),
    FOREIGN KEY (user_id)
        REFERENCES users (id),
    FOREIGN KEY (social_provider_id)
        REFERENCES social_providers (id)
);

DROP TABLE IF EXISTS certificate_settings;
CREATE TABLE certificate_settings (
    course_id INT,
    logo_url TEXT,
    signature_url TEXT,
    is_certificate_auto_issued BOOLEAN NOT NULL,
    regular_threshold INT NOT NULL,
    excellent_threshold INT NOT NULL,
    PRIMARY KEY (course_id),
    FOREIGN KEY (course_id) REFERENCES courses(id)
);

DROP TABLE IF EXISTS units;
CREATE TABLE units (
    id INT PRIMARY KEY,
    course_id INT NOT NULL,
    title TEXT,
    FOREIGN KEY (course_id) REFERENCES courses(id)
);

DROP TABLE IF EXISTS lessons;
CREATE TABLE lessons (
    id INT PRIMARY KEY,
    title TEXT,
    epic_count INT NOT NULL,
    abuse_count INT NOT NULL
);

DROP TABLE IF EXISTS unit_lessons;
CREATE TABLE unit_lessons (
    unit_id INT,
    lesson_id INT,
    PRIMARY KEY (unit_id , lesson_id),
    FOREIGN KEY (unit_id) REFERENCES units(id),
    FOREIGN KEY (lesson_id) REFERENCES lessons(id)
);

DROP TABLE IF EXISTS steps;
CREATE TABLE steps (
    id INT PRIMARY KEY,
    lesson_id INT NOT NULL,
    position INT NOT NULL,
    title TEXT,
    content TEXT,
    cost INT NOT NULL,
    FOREIGN KEY (lesson_id) REFERENCES lessons(id)
);

DROP TABLE IF EXISTS progresses;
CREATE TABLE progresses (
    user_id INT,
    step_id INT,
    is_passed BOOLEAN NOT NULL,
    score INT NOT NULL,
    PRIMARY KEY (user_id, step_id),
    FOREIGN KEY (user_id) REFERENCES users(id),
    FOREIGN KEY (step_id) REFERENCES steps(id)
);

DROP TABLE IF EXISTS comments;
CREATE TABLE comments (
    id INT PRIMARY KEY AUTO_INCREMENT,
    step_id INT,
    reply_comment_id INT,
    user_id INT NOT NULL,
    time DATE NOT NULL,
    text TEXT NOT NULL,
    epic_count INT NOT NULL,
    abuse_count INT NOT NULL,
    FOREIGN KEY (step_id)
        REFERENCES steps (id),
    FOREIGN KEY (reply_comment_id)
        REFERENCES comments (id),
    FOREIGN KEY (user_id)
        REFERENCES users (id)
);

DROP TABLE IF EXISTS course_reviews;
CREATE TABLE course_reviews (
    course_id INT,
    user_id INT,
    comment_id INT,
    created_date DATE NOT NULL,
    text TEXT,
    score INT NOT NULL,
    epic_count INT NOT NULL,
    abuse_count INT NOT NULL,
    PRIMARY KEY (course_id, user_id),
    FOREIGN KEY (course_id) REFERENCES courses(id),
    FOREIGN KEY (user_id) REFERENCES users(id),
    FOREIGN KEY (comment_id) REFERENCES comments(id)
);

INSERT INTO users (full_name, details, join_date, avatar, is_active, knowledge, reputation, followers_count, days_without_break, days_without_break_max, solved_tasks)
VALUES
('Петр Васильев', 'Разработчик игр', '2021-02-01', 'https://example.com/avatar4.jpg', true, 150, 75, 30, 8, 12, 45),
('Елена Кузнецова', 'Дизайнер', '2021-03-01', 'https://example.com/avatar5.jpg', true, 75, 25, 10, 3, 5, 15),
('Алексей Соколов', 'Менеджер проектов', '2021-04-01', 'https://example.com/avatar6.jpg', false, 250, 125, 60, 0, 18, 80),
('Екатерина Борисова', 'Тестировщик', '2021-05-01', 'https://example.com/avatar7.jpg', true, 125, 60, 25, 6, 10, 35),
('Максим Александров', 'Системный администратор', '2021-06-01', 'https://example.com/avatar8.jpg', true, 200, 100, 40, 4, 8, 50),
('Наталья Иванова', 'Менеджер продукта', '2021-07-01', 'https://example.com/avatar9.jpg', false, 300, 150, 75, 0, 22, 95),
('Андрей Петров', 'Аналитик данных', '2021-08-01', 'https://example.com/avatar10.jpg', true, 225, 110, 50, 5, 9, 65),
('Елизавета Смирнова', 'Маркетолог', '2021-09-01', 'https://example.com/avatar11.jpg', true, 175, 85, 35, 7, 11, 40),
('Артем Кузнецов', 'Разработчик ПО', '2021-10-01', 'https://example.com/avatar12.jpg', false, 275, 135, 65, 0, 25, 100),
('Анна Соколова', 'Дизайнер', '2021-11-01', 'https://example.com/avatar13.jpg', true, 100, 50, 20, 9, 14, 30),
('Сергей Борисов', 'Тестировщик', '2021-12-01', 'https://example.com/avatar14.jpg', true, 125, 60, 25, 5, 10, 35),
('Мария Александрова', 'Разработчик игр', '2022-01-01', 'https://example.com/avatar15.jpg', true, 150, 75, 30, 7, 12, 45),
('Даниил Иванов', 'Менеджер проектов', '2022-02-01', 'https://example.com/avatar16.jpg', false, 250, 125, 60, 0, 18, 80),
('Виктория Петрова', 'Аналитик данных', '2022-03-01', 'https://example.com/avatar17.jpg', true, 225, 110, 50, 4, 8, 50),
('Николай Кузнецов', 'Маркетолог', '2022-04-01', 'https://example.com/avatar18.jpg', true, 175, 85, 35, 6, 10, 35),
('Ольга Соколова', 'Системный администратор', '2022-05-01', 'https://example.com/avatar19.jpg', false, 300, 150, 75, 0, 22, 95),
('Михаил Борисов', 'Менеджер продукта', '2022-06-01', 'https://example.com/avatar20.jpg', true, 275, 135, 65, 5, 9, 65),
('Александр Александров', 'Разработчик ПО','2022-07-01', 'https://example.com/avatar21.jpg', false, 200, 100, 40, 4, 8, 50),
('Анна Кузнецова', 'Дизайнер', '2022-08-01', 'https://example.com/avatar22.jpg', true, 100, 50, 20, 8, 12, 45),
('Игорь Петров', 'Тестировщик', '2022-09-01', 'https://example.com/avatar23.jpg', true, 125, 60, 25, 5, 10, 35),
('Елена Борисова', 'Менеджер проектов', '2022-10-01', 'https://example.com/avatar24.jpg', false, 250, 125, 60, 0, 18, 80),
('Александр Смирнов', 'Аналитик данных', '2022-11-01', 'https://example.com/avatar25.jpg', true, 225, 110, 50, 4, 8, 50),
('Ирина Соколова', 'Маркетолог', '2022-12-01', 'https://example.com/avatar26.jpg', true, 175, 85, 35, 6, 10, 35),
('Алексей Иванов', 'Системный администратор', '2023-01-01', 'https://example.com/avatar27.jpg', false, 300, 150, 75, 0, 22, 95),
('Владислав Петров', 'Менеджер продукта', '2023-02-01', 'https://example.com/avatar28.jpg', true, 275, 135, 65, 5, 9, 65),
('Екатерина Кузнецова', 'Менеджер продукта', '2024-03-01', 'https://example.com/avatar37.jpg', false, 220, 160, 44, 4, 8, 50),
('Максим Борисов', 'Дизайнер', '2023-04-01', 'https://example.com/avatar30.jpg', false, 100, 50, 20, 8, 12, 45),
('Даниил Иванов', 'Менеджер проектов', '2022-02-01', 'https://example.com/avatar16.jpg', false, 250, 125, 60, 0, 18, 80),
('Владислав Петров', 'Разработчик ПО', '2022-02-08', 'https://example.com/avatar17.jpg', true, 275, 135, 65, 5, 9, 65),
('Екатерина Кузнецова', 'Дизайнер', '2022-02-15', 'https://example.com/avatar18.jpg', true, 100, 50, 20, 8, 12, 45),
('Максим Борисов', 'Менеджер продукта', '2022-02-22', 'https://example.com/avatar19.jpg', false, 300, 150, 75, 0, 22, 95),
('Александр Александров', 'Разработчик ПО', '2022-06-28', 'https://example.com/avatar20.jpg', true, 521, 100, 40, 4, 8, 50);

INSERT INTO courses (title, created_date, summary, photo, price)
VALUES
('JavaScript для начинающих', '2021-01-01', 'Курс для начинающих веб-разработчиков', 'https://example.com/course4.jpg', 6000),
('Введение в HTML и CSS', '2021-02-01', 'Курс по верстке сайтов', 'https://example.com/course5.jpg', 4000),
('PHP для начинающих', '2021-03-01', 'Курс по созданию динамических сайтов', 'https://example.com/course6.jpg', 7000),
('Разработка мобильных приложений на Android', '2021-04-01', 'Курс по разработке мобильных приложений', 'https://example.com/course7.jpg', 9000),
('Разработка мобильных приложений на iOS', '2021-05-01', 'Курс по разработке мобильных приложений', 'https://example.com/course8.jpg', 10000),
('Введение в SQL', '2021-06-01', 'Курс по работе с базами данных', 'https://example.com/course9.jpg', 5000),
('Введение в Git и GitHub', '2021-07-01', 'Курс по работе с системами контроля версий', 'https://example.com/course10.jpg', 3000),
('Введение в Linux', '2021-08-01', 'Курс по работе с операционной системой Linux', 'https://example.com/course11.jpg', 4000),
('Введение в безопасность', '2021-05-01', 'Курс по основам сетевых технологий и безопасности', 'https://example.com/course26.jpg', 5000),
('DevOps для начинающих', '2022-11-11', 'Курс поразработке и сопровождению программного обеспечения', 'https://example.com/course27.jpg', 1000),
('Введение в тестирование ПО', '2021-11-01', 'Курс по тестированию программного обеспечения', 'https://example.com/course14.jpg', 6000),
('Введение в проектный менеджмент', '2021-12-01', 'Курс по управлению проектами', 'https://example.com/course15.jpg', 9000),
('Введение в аналитику данных', '2022-01-01', 'Курс по анализу данных', 'https://example.com/course16.jpg', 10000),
('Введение в машинное обучение', '2022-02-01', 'Курс по машинному обучению', 'https://example.com/course17.jpg', 12000),
('Введение в искусственный интеллект', '2022-03-01', 'Курс по искусственному интеллекту', 'https://example.com/course18.jpg', 15000),
('Введение в компьютерную графику', '2022-04-01', 'Курс по компьютерной графике', 'https://example.com/course19.jpg', 7000),
('Введение в веб-дизайн', '2022-05-01', 'Курс по дизайну сайтов', 'https://example.com/course20.jpg', 5000),
('Введение в маркетинг', '2022-06-01', 'Курс по маркетингу', 'https://example.com/course21.jpg', 8000),
('Введение в управление продуктом', '2022-07-01', 'Курс по управлению продуктом', 'https://example.com/course22.jpg', 11000),
('Введение в системное администрирование', '2022-08-01', 'Курс по системному администрированию', 'https://example.com/course23.jpg', 14000),
('Введение в сетевое администрирование', '2022-09-01', 'Курс по сетевому администрированию', 'https://example.com/course24.jpg', 13000),
('Введение в разработку игр', '2022-10-01', 'Курс по разработке игр', 'https://example.com/course25.jpg', 16000),
('Введение в виртуальную реальность', '2022-11-01', 'Курс по виртуальной реальности', 'https://example.com/course26.jpg', 18000),
('Введение в дополненную реальность', '2022-12-01', 'Курс по дополненной реальности', 'https://example.com/course27.jpg', 20000),
('Введение в блокчейн', '2023-01-01', 'Курс по блокчейн-технологиям', 'https://example.com/course28.jpg', 22000),
('Введение в криптовалюты', '2023-02-01', 'Курс по криптовалютам', 'https://example.com/course29.jpg', 25000),
('Введение в искусственную нейронную сеть', '2023-03-01', 'Курс по искусственным нейронным сетям', 'https://example.com/course30.jpg', 28000),
('Введение в Git', '2021-09-01', 'Курс по работе с системами контроля версий', 'https://example.com/course10.jpg', 4000),
('Введение в Linux', '2022-08-01', 'Курс по работе с операционной системой Linux', 'https://example.com/course11.jpg', 6000),
('Введение в сети и безопасность', '2021-09-01', 'Курс по основам сетевых технологий и безопасности', 'https://example.com/course12.jpg', 8000),
('Введение в DevOps', '2021-10-01', 'Курс по разработке и сопровождению программного обеспечения', 'https://example.com/course13.jpg', 11000),
('Введение в тестирование', '2021-11-09', 'Курс по тестированию программного обеспечения', 'https://example.com/course14.jpg', 8000);

INSERT INTO user_courses (user_id, course_id, is_favorite, is_pinned, is_archived, last_viewed)
VALUES
(1, 1, true, false, false, '2021-01-01'),
(1, 2, false, true, false, '2021-01-07'),
(1, 3, false, false, true, '2021-01-14'),
(2, 4, true, true, false, '2021-01-21'),
(2, 5, false, false, true, '2021-01-28'),
(3, 6, true, false, false, '2021-02-04'),
(3, 7, false, true, false, '2021-02-11'),
(4, 8, true, true, false, '2021-02-18'),
(4, 9, false, false, true, '2021-02-25'),
(5, 10, true, false, false, '2021-03-04'),
(5, 11, false, true, false, '2021-03-11'),
(5, 12, false, false, true, '2021-03-18'),
(6, 13, true, true, false, '2021-03-25'),
(6, 14, false, false, true, '2021-04-01'),
(7, 15, true, false, false, '2021-04-08'),
(7, 16, false, true, false, '2021-04-15'),
(7, 17, false, false, true, '2021-04-22'),
(8, 18, true, true, false, '2021-04-29'),
(8, 19, false, false, true, '2021-05-06'),
(9, 20, true, false, false, '2021-05-13'),
(9, 21, false, true, false, '2021-05-20'),
(9, 22, false, false, true, '2021-05-27'),
(10, 23, true, true, false, '2021-06-03'),
(10, 24, false, false, true, '2021-06-10'),
(11, 25, true, false, false, '2021-06-17'),
(11, 26, false, true, false, '2021-06-24'),
(11, 27, false, false, true, '2021-07-01'),
(12, 28, true, true, false, '2021-07-08'),
(12, 29, false, false, true, '2021-07-15'),
(13, 30, true, false, false, '2021-07-22'),
(13, 1, false, true, false, '2021-07-29'),
(14, 2, true, false, false, '2021-08-05'),
(14, 3, false, false, true, '2021-08-12'),
(15, 4, true, true, false, '2021-08-19'),
(15, 5, false, false, true, '2021-08-26'),
(16, 6, true, false, false, '2021-09-02'),
(16, 7, false, true, false, '2021-09-09'),
(17, 8, true, true, false, '2021-09-16'),
(17, 9, false, false, true, '2021-09-23'),
(18, 10, true, false, false, '2021-09-30'),
(18, 11, false, true, false, '2021-10-07'),
(19, 12, true, true, false, '2021-10-14'),
(19, 13, false, false, true, '2021-10-21'),
(20, 14, true, false, false, '2021-10-28'),
(20, 15, false, true, false, '2021-11-04'),
(21, 16, true, true, false, '2021-11-11'),
(21, 17, false, false, true, '2021-11-18'),
(22, 18, true, false, false, '2021-11-25'),
(22, 19, false, true, false, '2021-12-02'),
(23, 20, true, true, false, '2021-12-09'),
(23, 21, false, false, true, '2021-12-16'),
(24, 22, true, false, false, '2021-12-23'),
(24, 23, false, true, false, '2021-12-30'),
(25, 24, true, true, false, '2022-01-06'),
(25, 25, false, false, true, '2022-01-13'),
(26, 26, true, false, false, '2022-01-20'),
(26, 27, false, true, false, '2022-01-27'),
(27, 28, true, true, false, '2022-02-03'),
(27, 29, false, false, true, '2022-02-10'),
(28, 30, true, false, false, '2022-02-17'),
(28, 1, false, true, false, '2022-02-24'),
(29, 2, true, false, false, '2022-03-03'),
(29, 3, false, false, true, '2022-03-10'),
(30, 4, true, true, false, '2022-03-17'),
(30, 5, false, false, true, '2022-03-24');

INSERT INTO courses_authors (course_id, user_id)
VALUES
(1, 1),
(2, 1),
(3, 1),
(4, 4),
(5, 4),
(6, 4),
(7, 4),
(8, 4),
(9, 9),
(10, 9),
(11, 11),
(12, 11),
(13, 11),
(14, 11),
(15, 11),
(16, 11),
(17, 11),
(18, 11),
(19, 19),
(20, 19),
(21, 19),
(22, 19),
(23, 23),
(24, 24),
(25, 24),
(26, 24),
(27, 24),
(28, 24),
(29, 24),
(30, 24);

INSERT INTO certificates (user_id, course_id, grade, issue_date, url)
VALUES
(1, 1, 95, '2021-01-05', 'https://example.com/certificate1.pdf'),
(1, 2, 85, '2021-01-12', 'https://example.com/certificate2.pdf'),
(1, 3, 70, '2021-01-19', 'https://example.com/certificate3.pdf'),
(2, 4, 90, '2021-01-26', 'https://example.com/certificate4.pdf'),
(2, 5, 80, '2021-02-02', 'https://example.com/certificate5.pdf'),
(3, 6, 95, '2021-02-09', 'https://example.com/certificate6.pdf'),
(3, 7, 85, '2021-02-16', 'https://example.com/certificate7.pdf'),
(4, 8, 90, '2021-02-23', 'https://example.com/certificate8.pdf'),
(4, 9, 80, '2021-03-02', 'https://example.com/certificate9.pdf'),
(5, 10, 95, '2021-03-09', 'https://example.com/certificate10.pdf'),
(5, 11, 85, '2021-03-16', 'https://example.com/certificate11.pdf'),
(5, 12, 70, '2021-03-23', 'https://example.com/certificate12.pdf'),
(6, 13, 90, '2021-03-30', 'https://example.com/certificate13.pdf'),
(6, 14, 80, '2021-04-06', 'https://example.com/certificate14.pdf'),
(7, 15, 95, '2021-04-13', 'https://example.com/certificate15.pdf'),
(7, 16, 85, '2021-04-20', 'https://example.com/certificate16.pdf'),
(7, 17, 70, '2021-04-27', 'https://example.com/certificate17.pdf'),
(8, 18, 90, '2021-05-04', 'https://example.com/certificate18.pdf'),
(8, 19, 80, '2021-05-11', 'https://example.com/certificate19.pdf'),
(9, 20, 95, '2021-05-18', 'https://example.com/certificate20.pdf'),
(9, 21, 85, '2021-05-25', 'https://example.com/certificate21.pdf'),
(9, 22, 70, '2021-06-01', 'https://example.com/certificate22.pdf'),
(10, 23, 90, '2021-06-08', 'https://example.com/certificate23.pdf'),
(10, 24, 80, '2021-06-15', 'https://example.com/certificate24.pdf'),
(11, 25, 95, '2021-06-22', 'https://example.com/certificate25.pdf'),
(11, 26, 85, '2021-06-29', 'https://example.com/certificate26.pdf'),
(11, 27, 70, '2021-07-06', 'https://example.com/certificate27.pdf'),
(12, 28, 90, '2021-07-13', 'https://example.com/certificate28.pdf'),
(12, 29, 80, '2021-07-20', 'https://example.com/certificate29.pdf'),
(13, 30, 95, '2021-07-27', 'https://example.com/certificate30.pdf'),
(13, 1, 85, '2021-08-03', 'https://example.com/certificate31.pdf'),
(14, 2, 90, '2021-08-10', 'https://example.com/certificate32.pdf'),
(14, 3, 80, '2021-08-17', 'https://example.com/certificate33.pdf'),
(15, 4, 95, '2021-08-24', 'https://example.com/certificate34.pdf'),
(15, 5, 85, '2021-08-31', 'https://example.com/certificate35.pdf'),
(16, 6, 90, '2021-09-07', 'https://example.com/certificate36.pdf'),
(16, 7, 80, '2021-09-14', 'https://example.com/certificate37.pdf'),
(17, 8, 95, '2021-09-21', 'https://example.com/certificate38.pdf'),
(17, 9, 85, '2021-09-28', 'https://example.com/certificate39.pdf'),
(18, 10, 90, '2021-10-05', 'https://example.com/certificate40.pdf'),
(18, 11, 80, '2021-10-12', 'https://example.com/certificate41.pdf'),
(19, 12, 95, '2021-10-19', 'https://example.com/certificate42.pdf'),
(19, 13, 85, '2021-10-26', 'https://example.com/certificate43.pdf'),
(20, 14, 90, '2021-11-02', 'https://example.com/certificate44.pdf'),
(20, 15, 80, '2021-11-09', 'https://example.com/certificate45.pdf'),
(21, 16, 95, '2021-11-16', 'https://example.com/certificate46.pdf'),
(21, 17, 85, '2021-11-23', 'https://example.com/certificate47.pdf'),
(22, 18, 90, '2021-11-30', 'https://example.com/certificate48.pdf'),
(22, 19, 80, '2021-12-07', 'https://example.com/certificate49.pdf'),
(23, 20, 95, '2021-12-14', 'https://example.com/certificate50.pdf'),
(23, 21, 85, '2021-12-21', 'https://example.com/certificate51.pdf'),
(24, 22, 90, '2021-12-28', 'https://example.com/certificate52.pdf'),
(24, 23, 80, '2022-01-04', 'https://example.com/certificate53.pdf'),
(25, 24, 95, '2022-01-11', 'https://example.com/certificate54.pdf'),
(25, 25, 85, '2022-01-18', 'https://example.com/certificate55.pdf'),
(26, 26, 90, '2022-01-25', 'https://example.com/certificate56.pdf'),
(26, 27, 80, '2022-02-01', 'https://example.com/certificate57.pdf'),
(27, 28, 95, '2022-02-08', 'https://example.com/certificate58.pdf'),
(27, 29, 85, '2022-02-15', 'https://example.com/certificate59.pdf'),
(28, 30, 90, '2022-02-22', 'https://example.com/certificate60.pdf'),
(28, 1, 80, '2022-03-01', 'https://example.com/certificate61.pdf'),
(29, 2, 95, '2022-03-08', 'https://example.com/certificate62.pdf'),
(29, 3, 85, '2022-03-15', 'https://example.com/certificate63.pdf'),
(30, 4, 90, '2022-03-22', 'https://example.com/certificate64.pdf'),
(30, 5, 80, '2022-03-29', 'https://example.com/certificate65.pdf');

INSERT INTO social_providers (name, logo_url) VALUES
('Facebook', 'https://example.com/facebook_logo.png'),
('GitHub', 'https://example.com/github_logo.png'),
('VK', 'https://example.com/vk_logo.png'),
('Twitter', 'https://example.com/twitter_logo.png'),
('Coursera', 'https://example.com/coursera_logo.png'),
('edX', 'https://example.com/edx_logo.png'),
('Instagram', 'https://example.com/instagram_logo.png'),
('Skype', 'https://example.com/skype_logo.png'),
('Telegram', 'https://example.com/telegram_logo.png'),
('Website', 'https://example.com/website_logo.png'),
('YouTube', 'https://example.com/youtube_logo.png');

INSERT INTO user_social_providers (user_id, social_provider_id, connect_url) VALUES
(1, 1, 'https://www.facebook.com/user1'),
(1, 2, 'https://github.com/user1'),
(1, 3, 'https://vk.com/user1'),
(1, 4, 'https://twitter.com/user1'),
(1, 5, 'https://www.coursera.org/user/user1'),
(1, 6, 'https://courses.edx.org/u/user1'),
(1, 7, 'https://www.instagram.com/user1'),

(2, 8, 'skype:user2'),
(2, 9, 'https://t.me/user2'),
(2, 10, 'https://www.user2.com'),
(2, 11, 'https://www.youtube.com/user2'),

(3, 1, 'https://www.facebook.com/user3'),
(3, 2, 'https://github.com/user3'),
(3, 3, 'https://vk.com/user3'),
(3, 4, 'https://twitter.com/user3'),
(3, 9, 'https://t.me/user3'),
(3, 10, 'https://www.user3.com'),
(3, 11, 'https://www.youtube.com/user3'),

(4, 1, 'https://www.facebook.com/user4'),
(4, 2, 'https://github.com/user4'),
(4, 7, 'https://www.instagram.com/user4'),
(4, 8, 'skype:user4'),
(4, 9, 'https://t.me/user4'),
(4, 10, 'https://www.user4.com'),
(4, 11, 'https://www.youtube.com/user4'),

(5, 1, 'https://www.facebook.com/user5'),
(5, 2, 'https://github.com/user5'),
(5, 3, 'https://vk.com/user5'),
(5, 4, 'https://twitter.com/user5'),
(5, 5, 'https://www.coursera.org/user/user5'),
(5, 6, 'https://courses.edx.org/u/user5'),
(5, 7, 'https://www.instagram.com/user5'),
(5, 8, 'skype:user5'),
(5, 9, 'https://t.me/user5'),
(5, 10, 'https://www.user5.com'),
(5, 11, 'https://www.youtube.com/user5'),

(6, 1, 'https://www.facebook.com/user6'),
(6, 2, 'https://github.com/user6'),
(6, 3, 'https://vk.com/user6'),
(6, 4, 'https://twitter.com/user6'),
(6, 5, 'https://www.coursera.org/user/user6'),
(6, 6, 'https://courses.edx.org/u/user6'),

(8, 1, 'https://www.facebook.com/user8'),
(8, 2, 'https://github.com/user8'),
(8, 3, 'https://vk.com/user8'),
(8, 4, 'https://twitter.com/user8'),
(8, 6, 'https://courses.edx.org/u/user8'),
(8, 7, 'https://www.instagram.com/user8'),
(8, 8, 'skype:user8'),
(8, 9, 'https://t.me/user8'),
(8, 10, 'https://www.user8.com'),
(8, 11, 'https://www.youtube.com/user8'),

(9, 1, 'https://www.facebook.com/user9'),
(9, 2, 'https://github.com/user9'),
(9, 8, 'skype:user9'),
(9, 9, 'https://t.me/user9'),
(9, 10, 'https://www.user9.com'),
(9, 11, 'https://www.youtube.com/user9'),

(10, 1, 'https://www.facebook.com/user10'),
(10, 7, 'https://www.instagram.com/user10'),
(10, 8, 'skype:user10'),
(10, 9, 'https://t.me/user10'),
(10, 10, 'https://www.user10.com'),
(10, 11, 'https://www.youtube.com/user10'),

(11, 1, 'https://www.facebook.com/user11'),
(11, 2, 'https://github.com/user11'),
(11, 3, 'https://vk.com/user11'),
(11, 4, 'https://twitter.com/user11'),
(11, 5, 'https://www.coursera.org/user/user11'),
(11, 6, 'https://courses.edx.org/u/user11'),
(11, 7, 'https://www.instagram.com/user11'),

(12, 1, 'https://www.facebook.com/user12'),
(12, 2, 'https://github.com/user12'),
(12, 4, 'https://twitter.com/user12'),
(12, 5, 'https://www.coursera.org/user/user12'),
(12, 6, 'https://courses.edx.org/u/user12'),
(12, 7, 'https://www.instagram.com/user12'),
(12, 8, 'skype:user12'),
(12, 10, 'https://www.user12.com'),
(12, 11, 'https://www.youtube.com/user12'),

(13, 1, 'https://www.facebook.com/user13'),
(13, 2, 'https://github.com/user13'),
(13, 3, 'https://vk.com/user13'),
(13, 4, 'https://twitter.com/user13'),
(13, 8, 'skype:user13'),
(13, 9, 'https://t.me/user13'),
(13, 10, 'https://www.user13.com'),
(13, 11, 'https://www.youtube.com/user13'),

(16, 1, 'https://www.facebook.com/user16'),
(16, 2, 'https://github.com/user16'),
(16, 3, 'https://vk.com/user16'),
(16, 6, 'https://courses.edx.org/u/user16'),
(16, 7, 'https://www.instagram.com/user16'),
(16, 8, 'skype:user16'),
(16, 9, 'https://t.me/user16'),
(16, 10, 'https://www.user16.com'),
(16, 11, 'https://www.youtube.com/user16'),

(21, 3, 'https://vk.com/user21'),
(21, 4, 'https://twitter.com/user21'),
(21, 5, 'https://www.coursera.org/user/user21'),
(21, 6, 'https://courses.edx.org/u/user21'),
(21, 7, 'https://www.instagram.com/user21'),
(21, 8, 'skype:user21'),
(21, 9, 'https://t.me/user21'),
(21, 10, 'https://www.user21.com'),
(21, 11, 'https://www.youtube.com/user21'),

(22, 1, 'https://www.facebook.com/user22'),
(22, 2, 'https://github.com/user22'),
(22, 3, 'https://vk.com/user22'),
(22, 4, 'https://twitter.com/user22'),
(22, 5, 'https://www.coursera.org/user/user22'),
(22, 6, 'https://courses.edx.org/u/user22'),
(22, 7, 'https://www.instagram.com/user22'),
(22, 10, 'https://www.user22.com'),
(22, 11, 'https://www.youtube.com/user22'),

(23, 1, 'https://www.facebook.com/user23'),
(23, 2, 'https://github.com/user23'),
(23, 3, 'https://vk.com/user23'),
(23, 4, 'https://twitter.com/user23'),
(23, 5, 'https://www.coursera.org/user/user23'),
(23, 6, 'https://courses.edx.org/u/user23'),
(23, 7, 'https://www.instagram.com/user23'),
(23, 8, 'skype:user23'),
(23, 9, 'https://t.me/user23'),
(23, 10, 'https://www.user23.com'),
(23, 11, 'https://www.youtube.com/user23'),

(27, 1, 'https://www.facebook.com/user27'),
(27, 6, 'https://courses.edx.org/u/user27'),
(27, 7, 'https://www.instagram.com/user27'),
(27, 8, 'skype:user27'),
(27, 9, 'https://t.me/user27'),
(27, 10, 'https://www.user27.com'),
(27, 11, 'https://www.youtube.com/user27'),

(28, 1, 'https://www.facebook.com/user28');

INSERT INTO certificate_settings (course_id, logo_url, signature_url, is_certificate_auto_issued, regular_threshold, excellent_threshold) VALUES
(1, 'https://example.com/course1_logo.png', 'https://example.com/course1_signature.png', TRUE, 70, 90),
(2, 'https://example.com/course2_logo.png', 'https://example.com/course2_signature.png', FALSE, 65, 85),
(5, 'https://example.com/course5_logo.png', 'https://example.com/course5_signature.png', TRUE, 70, 90),
(6, 'https://example.com/course6_logo.png', 'https://example.com/course6_signature.png', FALSE, 65, 85),
(7, 'https://example.com/course7_logo.png', 'https://example.com/course7_signature.png', TRUE, 75, 95),
(8, 'https://example.com/course8_logo.png', 'https://example.com/course8_signature.png', FALSE, 60, 80),
(9, 'https://example.com/course9_logo.png', 'https://example.com/course9_signature.png', TRUE, 70, 90),
(11, 'https://example.com/course11_logo.png', 'https://example.com/course11_signature.png', TRUE, 75, 95),
(12, 'https://example.com/course12_logo.png', 'https://example.com/course12_signature.png', FALSE, 60, 80),
(13, 'https://example.com/course13_logo.png', 'https://example.com/course13_signature.png', TRUE, 70, 90),
(17, 'https://example.com/course17_logo.png', 'https://example.com/course17_signature.png', TRUE, 70, 90),
(18, 'https://example.com/course18_logo.png', 'https://example.com/course18_signature.png', FALSE, 65, 85),
(20, 'https://example.com/course20_logo.png', 'https://example.com/course20_signature.png', FALSE, 60, 80);

INSERT INTO units (id, course_id, title) VALUES
(1, 1, 'Unit 1 for Course 1'),
(2, 1, 'Unit 2 for Course 1'),
(3, 2, 'Unit 1 for Course 2'),
(4, 2, 'Unit 2 for Course 2'),
(5, 3, 'Unit 1 for Course 3'),
(6, 3, 'Unit 2 for Course 3'),
(7, 4, 'Unit 1 for Course 4'),
(8, 4, 'Unit 2 for Course 4'),
(9, 5, 'Unit 1 for Course 5'),
(10, 5, 'Unit 2 for Course 5'),
(11, 6, 'Unit 1 for Course 6'),
(12, 6, 'Unit 2 for Course 6'),
(13, 7, 'Unit 1 for Course 7'),
(14, 7, 'Unit 2 for Course 7'),
(15, 8, 'Unit 1 for Course 8'),
(16, 8, 'Unit 2 for Course 8'),
(17, 9, 'Unit 1 for Course 9'),
(18, 9, 'Unit 2 for Course 9'),
(19, 10, 'Unit 1 for Course 10'),
(20, 10, 'Unit 2 for Course 10'),
(21, 11, 'Unit 1 for Course 11'),
(22, 11, 'Unit 2 for Course 11'),
(23, 12, 'Unit 1 for Course 12'),
(24, 12, 'Unit 2 for Course 12'),
(25, 13, 'Unit 1 for Course 13'),
(26, 13, 'Unit 2 for Course 13'),
(27, 14, 'Unit 1 for Course 14'),
(28, 14, 'Unit 2 for Course 14'),
(29, 15, 'Unit 1 for Course 15'),
(30, 15, 'Unit 2 for Course 15'),
(31, 16, 'Unit 1 for Course 16'),
(32, 16, 'Unit 2 for Course 16'),
(33, 17, 'Unit 1 for Course 17'),
(34, 17, 'Unit 2 for Course 17'),
(35, 18, 'Unit 1 for Course 18'),
(36, 18, 'Unit 2 for Course 18'),
(37, 19, 'Unit 1 for Course 19'),
(38, 19, 'Unit 2 for Course 19'),
(39, 20, 'Unit 1 for Course 20'),
(40, 20, 'Unit 2 for Course 20'),
(41, 21, 'Unit 1 for Course 21'),
(42, 21, 'Unit 2 for Course 21'),
(43, 22, 'Unit 1 for Course 22'),
(44, 22, 'Unit 2 for Course 22'),
(45, 23, 'Unit 1 for Course 23'),
(46, 23, 'Unit 2 for Course 23'),
(47, 24, 'Unit 1 for Course 24'),
(48, 24, 'Unit 2 for Course 24'),
(49, 25, 'Unit 1 for Course 25'),
(50, 25, 'Unit 2 for Course 25'),
(51, 26, 'Unit 1 for Course 26'),
(52, 26, 'Unit 2 for Course 26'),
(53, 27, 'Unit 1 for Course 27'),
(54, 27, 'Unit 2 for Course 27'),
(55, 28, 'Unit 1 for Course 28'),
(56, 28, 'Unit 2 for Course 28'),
(57, 29, 'Unit 1 for Course 29'),
(58, 29, 'Unit 2 for Course 29'),
(59, 30, 'Unit 1 for Course 30'),
(60, 30, 'Unit 2 for Course 30'),
(61, 31, 'Unit 1 for Course 31'),
(62, 31, 'Unit 2 for Course 31'),
(63, 32, 'Unit 1 for Course 32'),
(64, 32, 'Unit 2 for Course 32');

INSERT INTO lessons (id, title, epic_count, abuse_count) VALUES
(1, 'Lesson 1', 10, 0),
(2, 'Lesson 2', 15, 1),
(3, 'Lesson 3', 20, 2),
(4, 'Lesson 4', 25, 3),
(5, 'Lesson 5', 30, 4),
(6, 'Lesson 6', 35, 5),
(7, 'Lesson 7', 40, 6),
(8, 'Lesson 8', 45, 7),
(9, 'Lesson 9', 50, 8),
(10, 'Lesson 10', 55, 9),
(11, 'Lesson 11', 60, 10),
(12, 'Lesson 12', 65, 11),
(13, 'Lesson 13', 70, 12),
(14, 'Lesson 14', 75, 13),
(15, 'Lesson 15', 80, 14),
(16, 'Lesson 16', 85, 15),
(17, 'Lesson 17', 90, 16),
(18, 'Lesson 18', 95, 17),
(19, 'Lesson 19', 100, 18),
(20, 'Lesson 20', 105, 19),
(21, 'Lesson 21', 110, 20),
(22, 'Lesson 22', 115, 21),
(23, 'Lesson 23', 120, 22),
(24, 'Lesson 24', 125, 23),
(25, 'Lesson 25', 130, 24),
(26, 'Lesson 26', 135, 25),
(27, 'Lesson 27', 140, 26),
(28, 'Lesson 28', 145, 27),
(29, 'Lesson 29', 150, 28),
(30, 'Lesson 30', 155, 29),
(31, 'Lesson 31', 160, 30),
(32, 'Lesson 32', 165, 31);

INSERT INTO unit_lessons (unit_id, lesson_id) VALUES
(1, 1),
(1, 2),
(2, 3),
(2, 4),
(3, 5),
(3, 6),
(4, 7),
(4, 8),
(5, 9),
(5, 10),
(6, 11),
(6, 12),
(7, 13),
(7, 14),
(8, 15),
(8, 16),
(9, 17),
(9, 18),
(10, 19),
(10, 20),
(11, 21),
(11, 22),
(12, 23),
(12, 24),
(13, 25),
(13, 26),
(14, 27),
(14, 28),
(15, 29),
(15, 30),
(16, 31),
(16, 32),
(17, 1),
(17, 2),
(18, 3),
(18, 4),
(19, 5),
(19, 6),
(20, 7),
(20, 8),
(21, 9),
(21, 10),
(22, 11),
(22, 12),
(23, 13),
(23, 14),
(24, 15),
(24, 16),
(25, 17),
(25, 18),
(26, 19),
(26, 20),
(27, 21),
(27, 22),
(28, 23),
(28, 24),
(29, 25),
(29, 26),
(30, 27),
(30, 28),
(31, 29),
(31, 30),
(32, 31),
(32, 32),
(33, 1),
(33, 2),
(34, 3),
(34, 4),
(35, 5),
(35, 6),
(36, 7),
(36, 8),
(37, 9),
(37, 10),
(38, 11),
(38, 12),
(39, 13),
(39, 14),
(40, 15),
(40, 16),
(41, 17),
(41, 18),
(42, 19),
(42, 20),
(43, 21),
(43, 22),
(44, 23),
(44, 24),
(45, 25),
(45, 26),
(46, 27),
(46, 28),
(47, 29),
(47, 30),
(48, 31),
(48, 32),
(49, 1),
(49, 2),
(50, 3),
(50, 4),
(51, 5),
(51, 6),
(52, 7),
(52, 8),
(53, 9),
(53, 10),
(54, 11),
(54, 12),
(55, 13),
(55, 14),
(56, 15),
(56, 16),
(57, 17),
(57, 18),
(58, 19),
(58, 20),
(59, 21),
(59, 22),
(60, 23),
(60, 24),
(61, 25),
(61, 26),
(62, 27),
(62, 28),
(63, 29),
(63, 30),
(64, 31),
(64, 32);

INSERT INTO steps (id, lesson_id, position, title, content, cost) VALUES
(1, 1, 1, 'Title 1', 'Content 1', 2),
(2, 1, 2, 'Title 2', 'Content 2', 2),
(3, 1, 3, 'Title 3', 'Content 3', 2),
(4, 1, 4, 'Title 4', 'Content 4', 2),
(5, 2, 1, 'Title 1', 'Content 1', 2),
(6, 2, 2, 'Title 2', 'Content 2', 2),
(7, 2, 3, 'Title 3', 'Content 3', 2),
(8, 2, 4, 'Title 4', 'Content 4', 2),
(9, 3, 1, 'Title 1', 'Content 1', 2),
(10, 3, 2, 'Title 2', 'Content 2', 2),
(11, 3, 3, 'Title 3', 'Content 3', 2),
(12, 3, 4, 'Title 4', 'Content 4', 2),
(13, 4, 1, 'Title 1', 'Content 1', 2),
(14, 4, 2, 'Title 2', 'Content 2', 2),
(15, 4, 3, 'Title 3', 'Content 3', 2),
(16, 4, 4, 'Title 4', 'Content 4', 2),
(17, 5, 1, 'Title 1', 'Content 1', 2),
(18, 5, 2, 'Title 2', 'Content 2', 2),
(19, 5, 3, 'Title 3', 'Content 3', 2),
(20, 5, 4, 'Title 4', 'Content 4', 2),
(21, 6, 1, 'Title 1', 'Content 1', 2),
(22, 6, 2, 'Title 2', 'Content 2', 2),
(23, 6, 3, 'Title 3', 'Content 3', 2),
(24, 6, 4, 'Title 4', 'Content 4', 2),
(25, 7, 1, 'Title 1', 'Content 1', 2),
(26, 7, 2, 'Title 2', 'Content 2', 2),
(27, 7, 3, 'Title 3', 'Content 3', 2),
(28, 7, 4, 'Title 4', 'Content 4', 2),
(29, 8, 1, 'Title 1', 'Content 1', 2),
(30, 8, 2, 'Title 2', 'Content 2', 2),
(31, 8, 3, 'Title 3', 'Content 3', 2),
(32, 8, 4, 'Title 4', 'Content 4', 2);

INSERT INTO progresses (user_id, step_id, is_passed, score) VALUES
(1, 1, TRUE, 1),
(1, 2, TRUE, 1),
(1, 3, FALSE, 0),
(1, 4, TRUE, 1),
(2, 1, FALSE, 0),
(2, 2, TRUE, 1),
(2, 3, TRUE, 1),
(2, 4, TRUE, 1),
(3, 1, TRUE, 2),
(3, 2, TRUE, 2),
(3, 3, TRUE, 1),
(3, 4, TRUE, 1),
(4, 1, TRUE, 2),
(4, 2, TRUE, 1),
(4, 3, FALSE, 0),
(4, 4, FALSE, 0),
(5, 1, TRUE, 1),
(5, 2, TRUE, 2),
(5, 3, TRUE, 2),
(5, 4, TRUE, 1),
(6, 1, TRUE, 1),
(6, 2, FALSE, 0),
(6, 3, TRUE, 2),
(6, 4, TRUE, 1),
(7, 1, TRUE, 1),
(7, 2, FALSE, 0),
(7, 3, TRUE, 2),
(7, 4, TRUE, 1),
(8, 1, TRUE, 1),
(8, 2, TRUE, 2),
(8, 3, TRUE, 2),
(8, 4, TRUE, 2),
(9, 1, TRUE, 2),
(9, 2, TRUE, 2),
(9, 3, TRUE, 2),
(9, 4, TRUE, 2),
(10, 1, TRUE, 2),
(10, 2, TRUE, 2),
(10, 3, TRUE, 2),
(10, 4, TRUE, 2),
(11, 1, TRUE, 2),
(11, 2, TRUE, 2),
(11, 3, TRUE, 2),
(11, 4, TRUE, 2),
(12, 1, TRUE, 2),
(12, 2, TRUE, 1),
(12, 3, FALSE, 0),
(12, 4, FALSE, 0),
(13, 1, FALSE, 0),
(13, 2, FALSE, 0),
(13, 3, FALSE, 0),
(13, 4, FALSE, 0),
(14, 1, TRUE, 1),
(14, 2, TRUE, 1),
(14, 3, TRUE, 1),
(14, 4, TRUE, 2),
(15, 1, TRUE, 2),
(15, 2, TRUE, 2),
(15, 3, TRUE, 2),
(15, 4, TRUE, 2),
(16, 1, TRUE, 2),
(16, 2, TRUE, 2),
(16, 3, TRUE, 2),
(16, 4, TRUE, 1),
(17, 1, TRUE, 1),
(17, 2, TRUE, 2),
(17, 3, FALSE, 0),
(17, 4, FALSE, 0),
(18, 1, TRUE, 1),
(18, 2, TRUE, 2),
(18, 3, TRUE, 1),
(18, 4, TRUE, 2),
(19, 1, TRUE, 1),
(19, 2, TRUE, 2),
(19, 3, TRUE, 2),
(19, 4, TRUE, 2),
(20, 1, TRUE, 2),
(20, 2, TRUE, 2),
(20, 3, TRUE, 2),
(20, 4, TRUE, 2),
(21, 1, TRUE, 2),
(21, 2, TRUE, 1),
(21, 3, TRUE, 2),
(21, 4, TRUE, 2),
(22, 1, TRUE, 2),
(22, 2, FALSE, 0),
(22, 3, FALSE, 0),
(22, 4, FALSE, 0),
(23, 1, TRUE, 1),
(23, 2, TRUE, 1),
(23, 3, TRUE, 2),
(23, 4, TRUE, 2),
(24, 1, TRUE, 2),
(24, 2, TRUE, 2),
(24, 3, TRUE, 2),
(24, 4, TRUE, 2),
(25, 1, TRUE, 2),
(25, 2, TRUE, 2),
(25, 3, FALSE, 0),
(25, 4, TRUE, 1),
(26, 1, FALSE, 0),
(26, 2, TRUE, 2),
(26, 3, TRUE, 2),
(26, 4, TRUE, 2),
(27, 1, TRUE, 2),
(27, 2, TRUE, 2),
(27, 3, TRUE, 2),
(27, 4, TRUE, 2),
(28, 1, TRUE, 2),
(28, 2, TRUE, 2),
(28, 3, TRUE, 2),
(28, 4, TRUE, 2),
(29, 1, TRUE, 2),
(29, 2, TRUE, 2),
(29, 3, TRUE, 2),
(29, 4, TRUE, 2),
(30, 1, TRUE, 2),
(30, 2, FALSE, 0),
(30, 3, TRUE, 2),
(30, 4, FALSE, 0),
(31, 1, TRUE, 1),
(31, 2, TRUE, 1),
(31, 3, TRUE, 1),
(31, 4, FALSE, 0),
(32, 1, FALSE, 0),
(32, 2, FALSE, 0),
(32, 3, FALSE, 0),
(32, 4, FALSE, 0);

INSERT INTO comments (step_id, reply_comment_id, user_id, time, text, epic_count, abuse_count) VALUES
(1, NULL, 1, '2023-10-01', 'Great step!', 5, 0),
(1, NULL, 2, '2023-10-02', 'I agree, very helpful.', 3, 0),
(1, 1, 3, '2023-10-03', 'Thanks for the feedback!', 2, 0),
(2, NULL, 4, '2023-10-04', 'This step is a bit confusing.', 1, 1),
(2, 4, 5, '2023-10-05', 'I can help explain it if you need.', 4, 0),
(3, NULL, 6, '2023-10-06', 'Excellent content!', 6, 0),
(3, 6, 7, '2023-10-07', 'Glad you found it useful!', 3, 0),
(4, NULL, 8, '2023-10-08', 'Could use more examples.', 2, 1),
(4, 8, 9, '2023-10-09', 'I will add more examples in the next update.', 5, 0),
(5, NULL, 10, '2023-10-10', 'This step is perfect!', 7, 0),
(NULL, NULL, 11, '2023-11-09', 'thank you', 1, 0),
(NULL, NULL, 12, '2023-10-15', 'thank you very much!', 0, 0);

INSERT INTO course_reviews (course_id, user_id, comment_id, created_date, text, score, epic_count, abuse_count) VALUES
(1, 1, 11, '2023-10-01', 'Great course! Highly recommend.', 5, 10, 0),
(1, 2, 12, '2023-10-02', 'Very informative and well-structured.', 4, 8, 0),
(1, 3, NULL, '2023-10-03', 'Could use more practical examples.', 3, 5, 1),
(2, 4, NULL, '2023-10-04', 'Excellent content, but some steps are confusing.', 4, 7, 1),
(2, 5, NULL, '2023-10-05', 'The instructor is very knowledgeable.', 5, 9, 0),
(3, 6, NULL, '2023-10-06', 'This course is perfect for beginners.', 5, 12, 0),
(3, 7, NULL, '2023-10-07', 'I learned a lot from this course.', 4, 10, 0),
(4, 8, NULL, '2023-10-08', 'The course is well-organized and easy to follow.', 5, 11, 0),
(4, 9, NULL, '2023-10-09', 'Some topics could be explained in more detail.', 3, 6, 1),
(5, 10, NULL, '2023-10-10', 'This course exceeded my expectations.', 5, 13, 0);